<?xml version="1.0" encoding="UTF-8"?>
<export version="D">
  <design>
    <source>C:/Users/isaxs/Documents/GitHub/ESP_WiFiSwitch/ElectronicDesignAutomation/WifiSwitch.sch</source>
    <date>06.07.2015 23:57:02</date>
    <tool>Eeschema (after 2015-mar-04 BZR unknown)-product</tool>
    <sheet number="1" name="/" tstamps="/">
      <title_block>
        <title/>
        <company/>
        <rev/>
        <date/>
        <source>WifiSwitch.sch</source>
        <comment number="1" value=""/>
        <comment number="2" value=""/>
        <comment number="3" value=""/>
        <comment number="4" value=""/>
      </title_block>
    </sheet>
  </design>
  <components>
    <comp ref="U1">
      <value>ESP8266_ESP3</value>
      <footprint>WifiSwitch:ESP8266-ESP-03</footprint>
      <libsource lib="WifiSwitch" part="ESP8266_ESP3"/>
      <sheetpath names="/" tstamps="/"/>
      <tstamp>553681EC</tstamp>
    </comp>
    <comp ref="U2">
      <value>MOC3031S</value>
      <footprint>WifiSwitch:DIP-6_SMD</footprint>
      <libsource lib="WifiSwitch" part="MOC3031S"/>
      <sheetpath names="/" tstamps="/"/>
      <tstamp>5537C87E</tstamp>
    </comp>
    <comp ref="C1">
      <value>AC_to_DC_convertor</value>
      <footprint>WifiSwitch:AC_DC_Conv</footprint>
      <libsource lib="WifiSwitch" part="AC_to_DC_convertor"/>
      <sheetpath names="/" tstamps="/"/>
      <tstamp>5537CAC0</tstamp>
    </comp>
    <comp ref="R2">
      <value>10K</value>
      <footprint>Resistors_SMD:R_1206_HandSoldering</footprint>
      <libsource lib="device" part="R"/>
      <sheetpath names="/" tstamps="/"/>
      <tstamp>5537CF64</tstamp>
    </comp>
    <comp ref="R3">
      <value>330R</value>
      <footprint>Resistors_SMD:R_1206_HandSoldering</footprint>
      <libsource lib="device" part="R"/>
      <sheetpath names="/" tstamps="/"/>
      <tstamp>5537CF81</tstamp>
    </comp>
    <comp ref="P1">
      <value>CONN_01X05</value>
      <footprint>Pin_Headers:Pin_Header_Angled_1x05</footprint>
      <libsource lib="conn" part="CONN_01X05"/>
      <sheetpath names="/" tstamps="/"/>
      <tstamp>5537CFE5</tstamp>
    </comp>
    <comp ref="P2">
      <value>CONN_01X03</value>
      <footprint>WifiSwitch:WirePad_3x-5mmDrill</footprint>
      <libsource lib="conn" part="CONN_01X03"/>
      <sheetpath names="/" tstamps="/"/>
      <tstamp>5537D049</tstamp>
    </comp>
    <comp ref="U3">
      <value>TRIAC</value>
      <footprint>Transistors_TO-220:TO-220_Neutral123_Horizontal_LargePads</footprint>
      <libsource lib="device" part="TRIAC"/>
      <sheetpath names="/" tstamps="/"/>
      <tstamp>5537D078</tstamp>
    </comp>
    <comp ref="R1">
      <value>220R</value>
      <footprint>Resistors_SMD:R_1206_HandSoldering</footprint>
      <libsource lib="device" part="R"/>
      <sheetpath names="/" tstamps="/"/>
      <tstamp>55380183</tstamp>
    </comp>
  </components>
  <libparts>
    <libpart lib="device" part="R">
      <description>Resistor</description>
      <footprints>
        <fp>R_*</fp>
        <fp>Resistor_*</fp>
      </footprints>
      <fields>
        <field name="Reference">R</field>
        <field name="Value">R</field>
      </fields>
      <pins>
        <pin num="1" name="~" type="passive"/>
        <pin num="2" name="~" type="passive"/>
      </pins>
    </libpart>
    <libpart lib="device" part="TRIAC">
      <fields>
        <field name="Reference">U</field>
        <field name="Value">TRIAC</field>
      </fields>
      <pins>
        <pin num="1" name="~" type="passive"/>
        <pin num="2" name="~" type="passive"/>
        <pin num="3" name="~" type="input"/>
      </pins>
    </libpart>
    <libpart lib="conn" part="CONN_01X03">
      <footprints>
        <fp>Pin_Header_Straight_1X03</fp>
        <fp>Pin_Header_Angled_1X03</fp>
        <fp>Socket_Strip_Straight_1X03</fp>
        <fp>Socket_Strip_Angled_1X03</fp>
      </footprints>
      <fields>
        <field name="Reference">P</field>
        <field name="Value">CONN_01X03</field>
      </fields>
      <pins>
        <pin num="1" name="P1" type="passive"/>
        <pin num="2" name="P2" type="passive"/>
        <pin num="3" name="P3" type="passive"/>
      </pins>
    </libpart>
    <libpart lib="conn" part="CONN_01X05">
      <footprints>
        <fp>Pin_Header_Straight_1X05</fp>
        <fp>Pin_Header_Angled_1X05</fp>
        <fp>Socket_Strip_Straight_1X05</fp>
        <fp>Socket_Strip_Angled_1X05</fp>
      </footprints>
      <fields>
        <field name="Reference">P</field>
        <field name="Value">CONN_01X05</field>
      </fields>
      <pins>
        <pin num="1" name="P1" type="passive"/>
        <pin num="2" name="P2" type="passive"/>
        <pin num="3" name="P3" type="passive"/>
        <pin num="4" name="P4" type="passive"/>
        <pin num="5" name="P5" type="passive"/>
      </pins>
    </libpart>
    <libpart lib="WifiSwitch" part="AC_to_DC_convertor">
      <fields>
        <field name="Reference">C</field>
        <field name="Value">AC_to_DC_convertor</field>
      </fields>
      <pins>
        <pin num="1" name="+3V3" type="input"/>
        <pin num="2" name="GND" type="input"/>
        <pin num="3" name="AC_240V" type="input"/>
        <pin num="4" name="AC_240V" type="input"/>
      </pins>
    </libpart>
    <libpart lib="WifiSwitch" part="ESP8266_ESP3">
      <fields>
        <field name="Reference">U</field>
        <field name="Value">ESP8266_ESP3</field>
      </fields>
      <pins>
        <pin num="1" name="GND" type="input"/>
        <pin num="2" name="NC" type="input"/>
        <pin num="3" name="TX" type="input"/>
        <pin num="4" name="RX" type="input"/>
        <pin num="5" name="GPIO16" type="input"/>
        <pin num="6" name="CH_PD" type="input"/>
        <pin num="7" name="ANT" type="input"/>
        <pin num="8" name="VCC" type="input"/>
        <pin num="9" name="GPIO14" type="input"/>
        <pin num="10" name="GPIO12" type="input"/>
        <pin num="11" name="GPIO13" type="input"/>
        <pin num="12" name="GPIO15" type="input"/>
        <pin num="13" name="GPIO2" type="input"/>
        <pin num="14" name="GPIO0" type="input"/>
      </pins>
    </libpart>
    <libpart lib="WifiSwitch" part="MOC3031S">
      <description>MOC3031S</description>
      <docs>http://www.fairchildsemi.com/ds/MO/MOC3031M.pdf</docs>
      <footprints>
        <fp>SMD-6*</fp>
      </footprints>
      <fields>
        <field name="Reference">U</field>
        <field name="Value">MOC3031S</field>
      </fields>
      <pins>
        <pin num="1" name="~" type="passive"/>
        <pin num="2" name="~" type="passive"/>
        <pin num="4" name="~" type="passive"/>
        <pin num="6" name="~" type="passive"/>
      </pins>
    </libpart>
  </libparts>
  <libraries>
    <library logical="device">
      <uri>C:\Program Files\KiCad\share\kicad\library\device.lib</uri>
    </library>
    <library logical="conn">
      <uri>C:\Program Files\KiCad\share\kicad\library\conn.lib</uri>
    </library>
    <library logical="WifiSwitch">
      <uri>C:\Users\isaxs\Documents\GitHub\ESP_WiFiSwitch\ElectronicDesignAutomation\WifiSwitch.lib</uri>
    </library>
  </libraries>
  <nets>
    <net code="1" name="Net-(R1-Pad2)">
      <node ref="R1" pin="2"/>
      <node ref="U1" pin="11"/>
    </net>
    <net code="2" name="Net-(R1-Pad1)">
      <node ref="R1" pin="1"/>
      <node ref="U2" pin="1"/>
    </net>
    <net code="3" name="GND">
      <node ref="P1" pin="1"/>
      <node ref="U2" pin="2"/>
      <node ref="U1" pin="1"/>
      <node ref="U1" pin="12"/>
      <node ref="C1" pin="2"/>
    </net>
    <net code="4" name="Net-(C1-Pad3)">
      <node ref="C1" pin="3"/>
      <node ref="P2" pin="3"/>
    </net>
    <net code="5" name="Net-(C1-Pad4)">
      <node ref="C1" pin="4"/>
      <node ref="U2" pin="6"/>
      <node ref="P2" pin="2"/>
      <node ref="U3" pin="2"/>
    </net>
    <net code="6" name="Net-(P1-Pad3)">
      <node ref="P1" pin="3"/>
      <node ref="U1" pin="3"/>
    </net>
    <net code="7" name="Net-(P1-Pad2)">
      <node ref="P1" pin="2"/>
      <node ref="U1" pin="4"/>
    </net>
    <net code="8" name="Net-(P1-Pad4)">
      <node ref="U1" pin="14"/>
      <node ref="P1" pin="4"/>
    </net>
    <net code="9" name="+3V3">
      <node ref="U1" pin="8"/>
      <node ref="P1" pin="5"/>
      <node ref="C1" pin="1"/>
      <node ref="R2" pin="2"/>
    </net>
    <net code="10" name="Net-(P2-Pad1)">
      <node ref="U3" pin="1"/>
      <node ref="P2" pin="1"/>
      <node ref="R3" pin="2"/>
    </net>
    <net code="11" name="Net-(R3-Pad1)">
      <node ref="R3" pin="1"/>
      <node ref="U3" pin="3"/>
      <node ref="U2" pin="4"/>
    </net>
    <net code="12" name="Net-(U1-Pad10)">
      <node ref="U1" pin="10"/>
    </net>
    <net code="13" name="Net-(U1-Pad9)">
      <node ref="U1" pin="9"/>
    </net>
    <net code="14" name="Net-(U1-Pad7)">
      <node ref="U1" pin="7"/>
    </net>
    <net code="15" name="Net-(R2-Pad1)">
      <node ref="R2" pin="1"/>
      <node ref="U1" pin="13"/>
      <node ref="U1" pin="6"/>
    </net>
    <net code="16" name="Net-(U1-Pad5)">
      <node ref="U1" pin="5"/>
    </net>
    <net code="17" name="Net-(U1-Pad2)">
      <node ref="U1" pin="2"/>
    </net>
  </nets>
</export>
